segment,average_order_value
Individual,2463.5437096774193548
Enterprise,2549.0903389830508475
SMB,2500.6112658227848101
